path,sentence,langue,source
wav/OD_F01_824.m4a,"Sanngɛ, klolɛ su yɛ ɔ nian e ɔ.",Baoulé,Zenodo - Baule Speech Dataset
wav/OD_F01_104.m4a,"Amun bɔbɔ amun si kɛ n seli amun kɛ, ‘Nán min yɛ n ti Klisi’n niɔn, sanngɛ be sunmannin min kɛ n dun mmua i ɲrun.’",Baoulé,Zenodo - Baule Speech Dataset
wav/OD_F01_742.m4a,? Wafa sɛ yɛ be yɛyɛ be yi ɔ?,Baoulé,Zenodo - Baule Speech Dataset
wav/OD_M02_208.m4a,gbanflinh,Baoulé,Zenodo - Baule Speech Dataset
wav/OD_F01_445.m4a,"I ndɛ sɔ’m be ti’n, Zuifu’m be bubuli be wun nun ekun.",Baoulé,Zenodo - Baule Speech Dataset
wav/OD_F01_138.m4a,"Zezi seli i kɛ: “Sran sɔ’n, yɛle min mɔ n su kan ndɛ n kle wɔ yɛ’n.”",Baoulé,Zenodo - Baule Speech Dataset
wav/OD_F03_609.m4a,É wún i sɔ mɔ Ɲanmiɛn yó’n.,Baoulé,Zenodo - Baule Speech Dataset
wav/OD_M02_203.m4a,djén'vié,Baoulé,Zenodo - Baule Speech Dataset
wav/OD_F03_605.m4a,"Sanngɛ e liɛ’n, ɔ timan sɔ.",Baoulé,Zenodo - Baule Speech Dataset
wav/OD_F01_698.m4a,Maan e si nun junman di titi,Baoulé,Zenodo - Baule Speech Dataset
wav/OD_M02_202.m4a,nunnunlè,Baoulé,Zenodo - Baule Speech Dataset
wav/OD_F01_687.m4a,Sasafuɛ Tranwlɛ’n Desamblu 1,Baoulé,Zenodo - Baule Speech Dataset
wav/OD_F01_677.m4a,Bé tú i tralɛ’m be wun fɔtɔ.,Baoulé,Zenodo - Baule Speech Dataset
wav/OD_F01_294.m4a,"Kɛ ɔ kannin ndɛ sɔ’n kleli be’n, ɔ kali Galile mɛn’n nun lɛ.",Baoulé,Zenodo - Baule Speech Dataset
wav/OD_F01_799.m4a,Naan y’a kpɔciman wɔ mlɔnmlɔn.,Baoulé,Zenodo - Baule Speech Dataset
wav/OD_F01_298.m4a,Sanngɛ sran fi w’a kɛnmɛn i ndɛ nzra nun lɛ. Afin be sro Zuifu mun.,Baoulé,Zenodo - Baule Speech Dataset
wav/OD_M02_229.m4a,Ń kó kán!”,Baoulé,Zenodo - Baule Speech Dataset
wav/OD_F01_283.m4a,"E lafili ɔ su, yɛ e wunnin i wlɛ kɛ a ti Ɲanmiɛn i Sran mɔ fɔ nunmɛn i nun’n.”",Baoulé,Zenodo - Baule Speech Dataset
wav/OD_F01_418.m4a,"Sɛ nán Ɲanmiɛn yɛ ɔ sunmannin bian nga’n, nn ɔ kwlá yoman like fi.”",Baoulé,Zenodo - Baule Speech Dataset
wav/OD_F01_362.m4a,"Ɔ maan sɛ Ba’n de amun’n, amún ɲán amun ti sakpa.",Baoulé,Zenodo - Baule Speech Dataset
wav/OD_F01_414.m4a,"E si kɛ Ɲanmiɛn kannin ndɛ kleli Moizi. Sanngɛ bian nga liɛ’n, e simɛn i finwlɛ.”",Baoulé,Zenodo - Baule Speech Dataset
wav/OD_F01_703.m4a,Yɛ srɛ fi su kunmɛn i nin’n.,Baoulé,Zenodo - Baule Speech Dataset
wav/OD_F01_784.m4a,"I aɲrunɲan dunman’n, ɔ o e su.",Baoulé,Zenodo - Baule Speech Dataset
wav/OD_F03_599.m4a,"Wɛtɛɛfuɛ’m be ngba be fɛfɛ,",Baoulé,Zenodo - Baule Speech Dataset
wav/OD_F01_727.m4a,? Yɛ nnɛn’m be nguan’n nin?,Baoulé,Zenodo - Baule Speech Dataset
wav/OD_F01_780.m4a,Be mannin anzi nso be awɛ nso.,Baoulé,Zenodo - Baule Speech Dataset
wav/OD_F01_736.m4a,I yɛ ɔ ti ba’n i nin’n niɔn.’,Baoulé,Zenodo - Baule Speech Dataset
wav/OD_F01_448.m4a,"Kɛ ɔ́ yó sɔ’n, nn be su di Ɲanmiɛn i sua’n i sanwun yolɛ’n i ti cɛn Zerizalɛmun lɔ. Blɛ sɔ’n ti ayrɛ blɛ.",Baoulé,Zenodo - Baule Speech Dataset
wav/OD_F03_499.m4a,Sanngɛ i waan: “Ngbɛn ɔn.,Baoulé,Zenodo - Baule Speech Dataset
wav/OD_F01_270.m4a,"Sran kwlaa ng’ɔ di min wunnɛn’n, naan ɔ nɔn min mmoja’n, e nin i e o nun titi.",Baoulé,Zenodo - Baule Speech Dataset
wav/OD_F01_725.m4a,Ɲanmiɛn sieli Zezi jɔlɛ difuɛ,Baoulé,Zenodo - Baule Speech Dataset
wav/OD_F01_751.m4a,Maan e “tu e klun yo sran ye”,Baoulé,Zenodo - Baule Speech Dataset
wav/OD_F01_356.m4a,"Kɛ ɔ kannin ndɛ sɔ mun’n, sran kpanngban lafili i su.",Baoulé,Zenodo - Baule Speech Dataset
wav/OD_F01_791.m4a,"Naan y’a su i m’ɔ ti Siefuɛ’n,",Baoulé,Zenodo - Baule Speech Dataset
wav/OD_M02_209.m4a,n'klo how,Baoulé,Zenodo - Baule Speech Dataset
wav/OD_F01_369.m4a,?Ngue ti yɛ amun wunman ndɛ nga n kan’n i wlɛ-ɔ? Kɛ mɔ amun kwlá sieman amun su ndɛ nga n kan’n i bo’n ti-ɔ.,Baoulé,Zenodo - Baule Speech Dataset
wav/OD_M02_221.m4a,bayassoua,Baoulé,Zenodo - Baule Speech Dataset
wav/OD_F01_787.m4a,Ɲanndra nga Zezi buli’n tɛ su.,Baoulé,Zenodo - Baule Speech Dataset
wav/OD_F01_460.m4a,"Zezi tɛli be su kɛ: “?B’a klɛmɛn i amun Mmla’n nun kɛ, ‘N seli kɛ: “Amun ti ɲanmiɛn”’?*",Baoulé,Zenodo - Baule Speech Dataset
wav/OD_F01_326.m4a,Wie’m be waan: “Klisi’n yɛ.” Sanngɛ wie’m be seli kɛ: “?Wan yɛ ɔ seli amun kɛ Galile yɛ Klisi’n fín-ɔn?,Baoulé,Zenodo - Baule Speech Dataset
wav/OD_M02_213.m4a,gbanflinh,Baoulé,Zenodo - Baule Speech Dataset
wav/OD_F01_132.m4a,"E nannan’m be suli Ɲanmiɛn oka nga su. Sanngɛ amun liɛ’n, amun waan Zerizalɛmun lɔ yɛ ɔ fata kɛ sran’m be ko su Ɲanmiɛn-ɔn.”",Baoulé,Zenodo - Baule Speech Dataset
wav/OD_F01_456.m4a,Min nin Siɛ’n e ti kun.”*,Baoulé,Zenodo - Baule Speech Dataset
wav/OD_F01_693.m4a,Y’a kwla tra i sa’n nun kpa.,Baoulé,Zenodo - Baule Speech Dataset
wav/OD_F01_146.m4a,"Yɛ Zezi seli be kɛ: “Min aliɛ’n yɛle sran ng’ɔ sunmannin min’n i klun sa’n i yolɛ, ɔ nin i junman’n i bo gualɛ.",Baoulé,Zenodo - Baule Speech Dataset
wav/OD_F03_550.m4a,“Amun siman min kpa ti ɔ.”,Baoulé,Zenodo - Baule Speech Dataset
wav/OD_F01_738.m4a,Sanngɛ asiɛ’n trán lɛ tititi.,Baoulé,Zenodo - Baule Speech Dataset
wav/OD_M02_210.m4a,"aata,wata",Baoulé,Zenodo - Baule Speech Dataset
wav/OD_M02_211.m4a,An wun i!,Baoulé,Zenodo - Baule Speech Dataset
wav/OD_F01_740.m4a,Be tuli i tralɛ’m be wun fɔtɔ,Baoulé,Zenodo - Baule Speech Dataset
wav/OD_F01_361.m4a,"Kusu’n, kanga’n kaman awlo’n nun tititi, sanngɛ ba’n i liɛ’n, ɔ ka lɛ tititi.",Baoulé,Zenodo - Baule Speech Dataset
wav/OD_F03_617.m4a,“Ń fɛ́ i blusu’n ḿ mɛ́n i.”,Baoulé,Zenodo - Baule Speech Dataset
wav/OD_F03_567.m4a,Satan yɛ ɔ sie mɛn’n niɔn.,Baoulé,Zenodo - Baule Speech Dataset
wav/OD_M02_236.m4a,Sran ukalɛ,Baoulé,Zenodo - Baule Speech Dataset
wav/OD_F01_91.m4a,"Ɔ maan be kwlaa nga be lafi i su’n, bé ɲán nguan m’ɔ leman awieliɛ’n.",Baoulé,Zenodo - Baule Speech Dataset
wav/OD_F01_152.m4a,"Kɛ Samarifuɛ’m be bali’n, be srɛli i kɛ ɔ ka be wun lɛ. Ɔ maan ɔ dili cɛn nɲɔn lɛ.",Baoulé,Zenodo - Baule Speech Dataset
wav/OD_F01_358.m4a,"yɛ amún sí ndɛ nanwlɛ’n, kpɛkun ndɛ nanwlɛ’n ti’n amún ɲán amun ti.”",Baoulé,Zenodo - Baule Speech Dataset
wav/OD_F03_485.m4a,I su mɔ a yra’n e wun i.,Baoulé,Zenodo - Baule Speech Dataset
wav/OD_F01_661.m4a,Sanngɛ nn Zoova yɛ ɔ yoli ɔ.,Baoulé,Zenodo - Baule Speech Dataset
wav/OD_F01_841.m4a,Ngue ti yɛ be wlali be bisua ɔ?,Baoulé,Zenodo - Baule Speech Dataset
wav/OD_F01_375.m4a,"Zezi tɛli su kɛ: “Mmusu fi kleman min yalɛ. N bu min Si i sran. Sanngɛ amun liɛ’n, amun buman min sran.",Baoulé,Zenodo - Baule Speech Dataset
wav/OD_F01_372.m4a,"?Amun nun onin yɛ ɔ kwla se kɛ n yoli sa tɛ-ɔ? ?Kusu sɛ n di nanwlɛ’n, ngue ti yɛ amun lafiman min su-ɔ?",Baoulé,Zenodo - Baule Speech Dataset
wav/OD_F01_695.m4a,Wia’n jrannin i osu’n nun,Baoulé,Zenodo - Baule Speech Dataset
wav/OD_F01_776.m4a,Like nga ti yɛ e sro Ɲanmiɛn’n,Baoulé,Zenodo - Baule Speech Dataset
wav/OD_F01_843.m4a,"Nzue ti’m bé ɲrɛ́n aawlɛ’n nun,",Baoulé,Zenodo - Baule Speech Dataset
wav/OD_F01_796.m4a,Junman cinnjin nga niɛn’n di’n,Baoulé,Zenodo - Baule Speech Dataset
wav/OD_F01_336.m4a,"“E Mmla’n nun’n, sɛ e nin-a timan sran kun i nuan ndɛ naan y’a si like ng’ɔ yoli’n, e bumɛn i fɔ. ?Nɛ́n i-ɔ?”",Baoulé,Zenodo - Baule Speech Dataset
wav/OD_F01_161.m4a,"Yɛ famiɛn’n i sran’n seli i kɛ: “E Min, bla ndɛndɛ. Sɛ ɔ timɛn i ti’n, min wa kan’n wú.”",Baoulé,Zenodo - Baule Speech Dataset
wav/OD_F01_835.m4a,Blɛ kwlaa nun é bó ɔ dunman fɛ.,Baoulé,Zenodo - Baule Speech Dataset
wav/OD_F01_757.m4a,"E ti mianfuɛ i wun ɲanman nun,",Baoulé,Zenodo - Baule Speech Dataset
wav/OD_F01_702.m4a,? Ngue yɛ ɔ kwla uka be ɔ?,Baoulé,Zenodo - Baule Speech Dataset
wav/OD_F01_803.m4a,‘Bu ɔ si nin ɔ nin be sran.’,Baoulé,Zenodo - Baule Speech Dataset
wav/OD_F01_333.m4a,Zuifu’m be kpɛnngbɛn mun nin Farizifuɛ’m be nun kun sa lafimɛn i su. ?Nɛ́n i-ɔ?,Baoulé,Zenodo - Baule Speech Dataset
wav/OD_F01_169.m4a,"Tukpacifuɛ kpanngban nin aɲinsifuɛ mun nin be nga be ja yo be ya’n, ɔ nin be nga be ja annzɛ be sa ti wuwa’n,* be lala akpa sɔ’m be bo.",Baoulé,Zenodo - Baule Speech Dataset
wav/OD_F01_716.m4a,Satan i fɛ bolɛ’n ti i kunlɛ.,Baoulé,Zenodo - Baule Speech Dataset
wav/OD_F01_769.m4a,Maan n kle wɔ min janvuɛ kun.”,Baoulé,Zenodo - Baule Speech Dataset
wav/OD_F01_845.m4a,Ɔ fa junman kun wlali e sa nun.,Baoulé,Zenodo - Baule Speech Dataset
wav/OD_F01_389.m4a,"Blɛ mɔ lika’n te kpaja’n, ɔ fata kɛ e di Sran sɔ’n i junman’n. Lika’n su wa san, yɛ kɛ lika’n ko san’n, sran fi kwlá diman junman kun.",Baoulé,Zenodo - Baule Speech Dataset
wav/OD_F01_475.m4a,"I sin’n, ɔ seli i sɔnnzɔnfuɛ’m be kɛ: “Maan e wɔ Zide mɛn’n nun lɔ ekun.”",Baoulé,Zenodo - Baule Speech Dataset
wav/OD_F03_612.m4a,"Sɛ e waan aunjuɛ sɔ’n cɛ’n,",Baoulé,Zenodo - Baule Speech Dataset
wav/OD_F01_692.m4a,“Ɲanmiɛn fɛ i wun mantan wɔ”,Baoulé,Zenodo - Baule Speech Dataset
wav/OD_F01_659.m4a,Naan e yo sa nga be ti kpa’n,Baoulé,Zenodo - Baule Speech Dataset
wav/OD_M02_216.m4a,yah tchin,Baoulé,Zenodo - Baule Speech Dataset
wav/OD_F01_700.m4a,“Be kannin ndɛ lika’n kwlaa”,Baoulé,Zenodo - Baule Speech Dataset
wav/OD_F01_669.m4a,Ɔ nin i fata kɛ be uka amun.,Baoulé,Zenodo - Baule Speech Dataset
wav/OD_M02_261.m4a,mon nin tchin,Baoulé,Zenodo - Baule Speech Dataset
wav/OD_F01_390.m4a,"Blɛ mɔ n te wo mɛn’n nun’n, min yɛ n ti mɛn’n i kannin’n niɔn.”",Baoulé,Zenodo - Baule Speech Dataset
wav/OD_F01_296.m4a,"Kɛ bé dí cɛn’n, Zuifu’m be kunndɛli i. Be usali kɛ: “?Bian sɔ’n wo nin?”",Baoulé,Zenodo - Baule Speech Dataset
wav/OD_F03_563.m4a,LUZIA I JA BƐ’N TI SACIWA.,Baoulé,Zenodo - Baule Speech Dataset
wav/OD_F01_840.m4a,“Ndrunmun dilɛ’n w’a tru dan. ?,Baoulé,Zenodo - Baule Speech Dataset
wav/OD_F01_789.m4a,"Maan a nin Ɲanmiɛn nanti titi,",Baoulé,Zenodo - Baule Speech Dataset
wav/OD_F01_446.m4a,Be nun kpanngban be seli kɛ: “Mmusu kun kle i yalɛ. I ti w’a saci. ?Ngue ti yɛ amun sie amun su i nuan bo-ɔ?”,Baoulé,Zenodo - Baule Speech Dataset
wav/OD_F01_654.m4a,"Ee Zoova, e Si Ɲanmiɛn Kpli,",Baoulé,Zenodo - Baule Speech Dataset
wav/OD_F01_290.m4a,I niaan’m be lafimɛn i su.,Baoulé,Zenodo - Baule Speech Dataset
wav/OD_F03_593.m4a,Ɔ kle ajalɛ’n junman’n nun.,Baoulé,Zenodo - Baule Speech Dataset
wav/OD_F03_492.m4a,E fa e wun’n e mɛnnin i.,Baoulé,Zenodo - Baule Speech Dataset
wav/OD_F01_761.m4a,Ngue yɛ ɔ mian yalɛfuɛ mun ɔn?,Baoulé,Zenodo - Baule Speech Dataset
wav/OD_F01_767.m4a,Waka kpa kwlaa su mma kpakpa.’,Baoulé,Zenodo - Baule Speech Dataset
wav/OD_F01_775.m4a,Nnɛn mɔ i ti’n ti nso’n. (Ngl.,Baoulé,Zenodo - Baule Speech Dataset
wav/OD_F01_772.m4a,B’a yiyi mɛn’n i siefuɛ’n i bo,Baoulé,Zenodo - Baule Speech Dataset
wav/OD_F01_415.m4a,Bian’n seli be kɛ: “Ng’ɔ ti abonuan bɔbɔ’n yɛ ɔ o lɛ-ɔ. Amun simɛn i finwlɛ. Kusu nn ɔ tikeli min ɲinma’n.,Baoulé,Zenodo - Baule Speech Dataset
wav/OD_M02_207.m4a,"waka,baka",Baoulé,Zenodo - Baule Speech Dataset
wav/OD_F01_771.m4a,Mɛn uflɛ kun nun fɔundi tranlɛ,Baoulé,Zenodo - Baule Speech Dataset
wav/OD_F03_615.m4a,Maan wa’n be si ɔ dunman’n.,Baoulé,Zenodo - Baule Speech Dataset
wav/OD_F03_592.m4a,Ɔ́ wá síe asiɛ’n sufuɛ mun.,Baoulé,Zenodo - Baule Speech Dataset
wav/OD_M02_259.m4a,E o jɔlɛ cɛn.,Baoulé,Zenodo - Baule Speech Dataset
wav/OD_F01_395.m4a,Ɔ maan be usɛli i kɛ: “?Ɔ yo sɛ yɛ ɔ ɲinma’n tikeli-ɔ?”,Baoulé,Zenodo - Baule Speech Dataset
wav/OD_F01_798.m4a,? Ngue yɛ ɔ fata kɛ amun yo ɔ?,Baoulé,Zenodo - Baule Speech Dataset
wav/OD_M02_227.m4a,foué tchin,Baoulé,Zenodo - Baule Speech Dataset
wav/OD_F01_485.m4a,"Kɛ Zezi juli lɔ’n, ɔ wunnin kɛ be sieli Lazaa w’a di cɛn ba nnan.",Baoulé,Zenodo - Baule Speech Dataset
wav/OD_F03_595.m4a,“Bu ɔ si nin ɔ nin be sran”,Baoulé,Zenodo - Baule Speech Dataset
wav/OD_F01_730.m4a,"Siɛ, ɔ junman ngba manman wɔ.",Baoulé,Zenodo - Baule Speech Dataset
wav/OD_F03_626.m4a,Án wún wafa ng’ɔ́ dé amun’n,Baoulé,Zenodo - Baule Speech Dataset
wav/OD_F01_483.m4a,"Yɛ amun ti’n, kɛ n nunman lɔ’n, ɔ yo min fɛ, i liɛ’n amún láfi min su. Maan e wɔ i wun lɔ.”",Baoulé,Zenodo - Baule Speech Dataset
wav/OD_F01_734.m4a,Zakɔbu i mma kpanngban mun,Baoulé,Zenodo - Baule Speech Dataset
wav/OD_F01_291.m4a,"Ɔ maan Zezi seli be kɛ: “Min blɛ liɛ’n nin-a juman. Sanngɛ amun liɛ’n, blɛ kwlaa ti kpa man amun.",Baoulé,Zenodo - Baule Speech Dataset
wav/OD_F03_588.m4a,I sa nuan like’n yo ɲɛnmɛn.,Baoulé,Zenodo - Baule Speech Dataset
wav/OD_F01_433.m4a,"Ɔ maan Zezi seli be ekun kɛ: “Nanwlɛ, ń kán klé amun kpa kɛ min yɛ n ti anuan mɔ bua’m be sin nun’n niɔn.",Baoulé,Zenodo - Baule Speech Dataset
wav/OD_F01_821.m4a,Ɔ deli Nowe nin “sran nso ekun”,Baoulé,Zenodo - Baule Speech Dataset
wav/OD_F03_620.m4a,Sika’n su yoman like fi ye.,Baoulé,Zenodo - Baule Speech Dataset
wav/OD_F01_484.m4a,"Ɔ maan Toma mɔ be flɛ i kɛ Nda’n, ɔ seli i wiengu mun kɛ: “Maan e wɔ wie naan e nin i e ko wu.”",Baoulé,Zenodo - Baule Speech Dataset
wav/OD_F01_306.m4a,"Zezi seli be kɛ: “N yoli like kunngba cɛ, sanngɛ ɔ bo amun kwlaa amun nuan.",Baoulé,Zenodo - Baule Speech Dataset
wav/OD_F03_622.m4a,Nian ndɛ nga Biblu’n kan’n.,Baoulé,Zenodo - Baule Speech Dataset
wav/OD_F01_103.m4a,"Zan tɛli be su kɛ: “Sɛ Ɲanmiɛn w’a manman sran kun i like’n, ɔ kwlá ɲanman like sɔ’n.",Baoulé,Zenodo - Baule Speech Dataset
wav/OD_F03_596.m4a,Mɛn wunmuan’n w’a tɔ nvati.,Baoulé,Zenodo - Baule Speech Dataset
wav/OD_F01_108.m4a,"Like ng’ɔ wunnin i’n, ɔ nin ndɛ ng’ɔ tili’n, ɔ di be ti lalo. Sanngɛ sran fi sɔmɛn i ndɛ’n nun.",Baoulé,Zenodo - Baule Speech Dataset
wav/OD_F01_735.m4a,"Ɔ ndɛ nanwlɛ’n, e klo i titi.",Baoulé,Zenodo - Baule Speech Dataset
wav/OD_F03_491.m4a,E nian be lika e uka be.,Baoulé,Zenodo - Baule Speech Dataset
wav/OD_F01_399.m4a,"Cɛn sɔ mɔ Zezi kpitali fa’n, m’ɔ tikeli bian’n i ɲinma’n, ɔ ti Wunmiɛn-lolɛ-cɛn.",Baoulé,Zenodo - Baule Speech Dataset
wav/OD_F01_811.m4a,"E aklunjuɛ’n i bo’n sɔnnin kpa,",Baoulé,Zenodo - Baule Speech Dataset
wav/OD_F03_581.m4a,I Ndɛ’n i kanlɛ’n yo e fɛ.,Baoulé,Zenodo - Baule Speech Dataset
wav/OD_F01_773.m4a,Ɲanmiɛn i ɲrun’n be yo ɲɛnmɛn.,Baoulé,Zenodo - Baule Speech Dataset
wav/OD_F01_675.m4a,Maan e kan e kle sran mun kɛ,Baoulé,Zenodo - Baule Speech Dataset
wav/OD_F01_778.m4a,Maan “e tu e klun yo sran ye”!,Baoulé,Zenodo - Baule Speech Dataset
wav/OD_F01_765.m4a,E ngba e kwla di i sɔ fɛ liɛ’n,Baoulé,Zenodo - Baule Speech Dataset
wav/OD_F01_691.m4a,Zezi dunman nun jaso nanti!’,Baoulé,Zenodo - Baule Speech Dataset
wav/OD_F01_167.m4a,"I sin’n, Zuifu’m be cɛn dilɛ kun juli. Ɔ maan Zezi ɔli Zerizalɛmun.",Baoulé,Zenodo - Baule Speech Dataset
wav/OD_F01_786.m4a,"I yo, Ezipti lɔ kpaun’n yo fɛ.",Baoulé,Zenodo - Baule Speech Dataset
wav/OD_M02_217.m4a,bloh ninh,Baoulé,Zenodo - Baule Speech Dataset
wav/OD_F01_711.m4a,"Wɛtɛfuɛ’m be wla’n bo be wun,",Baoulé,Zenodo - Baule Speech Dataset
wav/OD_F01_817.m4a,Ɔ mannin Adam i bla kunngba cɛ.,Baoulé,Zenodo - Baule Speech Dataset
wav/OD_F01_434.m4a,"Be kwlaa nga be bali mɔ be waan min yɛle be’n, be ti awiefuɛ nin kakajefuɛ. Yɛ bua’m b’a sieman be su be ndɛ’n i bo.",Baoulé,Zenodo - Baule Speech Dataset
wav/OD_F01_377.m4a,"Nanwlɛ, ń kán klé amun kpa kɛ sran kwlaa ng’ɔ fa min ndɛ’n su’n, ɔ su wuman le.”",Baoulé,Zenodo - Baule Speech Dataset
wav/OD_F01_90.m4a,"Wafa kunngba nga aawlɛ flɛnnɛn’n nun lɔ’n, Moizi sieli wuo’n i nglo’n, i wafa kunngba’n ɔ fata kɛ be sie Sran wa’n i nglo wie.",Baoulé,Zenodo - Baule Speech Dataset
wav/OD_F03_552.m4a,? Wafa sɛ yɛ yalɛ’n wíe ɔ?,Baoulé,Zenodo - Baule Speech Dataset
wav/OD_F01_487.m4a,"Ɔ maan Zuifu kpanngban be bali Mati nin Mari be fɔnvɔlɛ, be niaan bian’n i wie’n ti.",Baoulé,Zenodo - Baule Speech Dataset
wav/OD_F01_89.m4a,"Asa ekun’n, sran fi w’a ɔman ɲanmiɛn su lɔ. Saan Sran wa’n yɛ ɔ fin ɲanmiɛn su lɔ bali-ɔ.",Baoulé,Zenodo - Baule Speech Dataset
wav/OD_F01_344.m4a,"N bɔbɔ n di min ti lalo, kpɛkun Siɛ’n m’ɔ sunmannin min’n i kusu di min ti lalo wie.”",Baoulé,Zenodo - Baule Speech Dataset
wav/OD_F01_797.m4a,KƐ MƐN’N I AWIELIƐ’N KO SIN’N:,Baoulé,Zenodo - Baule Speech Dataset
wav/OD_F01_805.m4a,Ɲanmiɛn kunndɛ kɛ e liɛ yo ye.,Baoulé,Zenodo - Baule Speech Dataset
wav/OD_F01_86.m4a,"Zezi seli i kɛ: “?Wɔ mɔ a ti Izraɛlifuɛ’m be like klefuɛ’m be nun kun’n, a siman sa sɔ mun?",Baoulé,Zenodo - Baule Speech Dataset
wav/OD_F03_579.m4a,Ngue yɛ atrɛ sɔ’n kle e ɔ?,Baoulé,Zenodo - Baule Speech Dataset
wav/OD_F01_830.m4a,"Sanngɛ, awlo’n nun timan fɔunn.",Baoulé,Zenodo - Baule Speech Dataset
wav/OD_F03_597.m4a,Naan y’a yo sa’n i nuan su.,Baoulé,Zenodo - Baule Speech Dataset
wav/OD_F01_781.m4a,Kpɛkuun amun tran diin.” —Jue.,Baoulé,Zenodo - Baule Speech Dataset
wav/OD_F01_328.m4a,"I sɔ’n ti’n, sran’m be bubuli be wun nun.",Baoulé,Zenodo - Baule Speech Dataset
wav/OD_F01_832.m4a,Like fi sa timan cinnjin traman,Baoulé,Zenodo - Baule Speech Dataset
wav/OD_F01_421.m4a,"Bian’n tɛli i su kɛ: “?Baba, wan yɛle sran sɔ’n? Kle min maan n lafi i su wie.”",Baoulé,Zenodo - Baule Speech Dataset
wav/OD_F03_627.m4a,Ɔ maan n lafi su kpa ekun.”,Baoulé,Zenodo - Baule Speech Dataset
wav/OD_F01_699.m4a,Rɔmfuɛ Mun 12 kan Klistfuɛ’n,Baoulé,Zenodo - Baule Speech Dataset
wav/OD_F01_143.m4a,"Kɛ ɔ́ yó sɔ’n, nn i sɔnnzɔnfuɛ’m be jin i wun kɛ: “Rabi,* di like.”",Baoulé,Zenodo - Baule Speech Dataset
wav/OD_F01_836.m4a,Asiɛ’n nin ɲanmiɛn su lɔ uflɛ’n,Baoulé,Zenodo - Baule Speech Dataset
wav/OD_F01_312.m4a,"E si bian nga i finwlɛ. Sanngɛ Klisi’n i liɛ’n, kɛ ɔ́ wá bá’n, sran fi su simɛn i finwlɛ.”",Baoulé,Zenodo - Baule Speech Dataset
wav/OD_F01_815.m4a,‘Ba’n klo kɛ ɔ́ fɛ́ i Si’n klé’,Baoulé,Zenodo - Baule Speech Dataset
wav/OD_F01_319.m4a,"Amún wá kúnndɛ min. Sanngɛ amun su wunman min. Yɛ lika nga ń kɔ́’n, amun su kwlá kɔman lɔ.”",Baoulé,Zenodo - Baule Speech Dataset
wav/OD_F03_587.m4a,Ndɛ sɔ’n wla e fanngan wie.,Baoulé,Zenodo - Baule Speech Dataset
wav/OD_F01_144.m4a,Sanngɛ ɔ seli be kɛ: “N le aliɛ kun mɔ amun simɛn i-ɔ.”,Baoulé,Zenodo - Baule Speech Dataset
wav/OD_M02_237.m4a,"Bo jasin’n,",Baoulé,Zenodo - Baule Speech Dataset
wav/OD_F03_633.m4a,E si Ɲanmiɛn Ndɛ’n i kpa.,Baoulé,Zenodo - Baule Speech Dataset
wav/OD_F03_618.m4a,Ndɛ sɔ’m be nun wie mun yɛ:,Baoulé,Zenodo - Baule Speech Dataset
wav/OD_F01_777.m4a,"Asa ekun’n, n to sika nun mma.",Baoulé,Zenodo - Baule Speech Dataset
wav/OD_M02_251.m4a,Kakaa Alapla,Baoulé,Zenodo - Baule Speech Dataset
wav/OD_F01_417.m4a,"Kɛ ɔ fɛ i laa lele andɛ’n, e nin-a timɛn i le kɛ sran kun sa w’a tike sran kun mɔ be wuli i aɲinsifuɛ’n i ɲinma le.",Baoulé,Zenodo - Baule Speech Dataset
wav/OD_M02_204.m4a,aata dilɛ,Baoulé,Zenodo - Baule Speech Dataset
wav/OD_F01_731.m4a,Like ng’ɔ kwla uka ɔ kpa’n,Baoulé,Zenodo - Baule Speech Dataset
wav/OD_F01_750.m4a,"Maan atin nga be kle e mun’n,",Baoulé,Zenodo - Baule Speech Dataset
wav/OD_F03_569.m4a,Sasafuɛ Tranwlɛ’n Zanvie 1,Baoulé,Zenodo - Baule Speech Dataset
wav/OD_F01_282.m4a,"Simɔn Piɛli tɛli i su kɛ: “?E Min, wan sin yɛ é kɔ́-ɔ? Ɔ ndɛ’m be man nguan m’ɔ leman awieliɛ’n.",Baoulé,Zenodo - Baule Speech Dataset
wav/OD_F01_806.m4a,AMUN LAFI ƝANMIƐN SU KƐ BE SA,Baoulé,Zenodo - Baule Speech Dataset
wav/OD_F03_629.m4a,Nán ‘amun nin sran kan ndɛ’,Baoulé,Zenodo - Baule Speech Dataset
wav/OD_M02_214.m4a,moayésran,Baoulé,Zenodo - Baule Speech Dataset
wav/OD_F01_720.m4a,"Kɛ e ɲan sran e kle i like’n,",Baoulé,Zenodo - Baule Speech Dataset
wav/OD_F01_457.m4a,Zuifu’m be isali yɔbuɛ ekun kɛ bé fá fínfín i.,Baoulé,Zenodo - Baule Speech Dataset
wav/OD_F03_497.m4a,? Ngue ti yɛ an koko yɛ?,Baoulé,Zenodo - Baule Speech Dataset
wav/OD_F03_603.m4a,"Aja like’n, be mannin amun.",Baoulé,Zenodo - Baule Speech Dataset
wav/OD_F01_465.m4a,"I sɔ’n ti’n, be kunndɛli ekun kɛ bé trɛ́ i, sanngɛ ɔ jasoli lɛ.",Baoulé,Zenodo - Baule Speech Dataset
wav/OD_F01_441.m4a,"kɛ nga Siɛ’n fa si min mɔ n kusu n fa si Siɛ’n sa. Yɛ min bua’m be ti’n, n fa min nguan’n n man.",Baoulé,Zenodo - Baule Speech Dataset
wav/OD_F03_613.m4a,"Sɛ e waan fɔundi sɔ’n cɛ’n,",Baoulé,Zenodo - Baule Speech Dataset
wav/OD_F01_155.m4a,"Kɛ cɛn nɲɔn sɔ’m be sinnin’n, ɔ jasoli lɛ ɔli Galile mɛn’n nun lɔ.",Baoulé,Zenodo - Baule Speech Dataset
wav/OD_F01_697.m4a,Nanti i atin’n su cɛn kwlaa.,Baoulé,Zenodo - Baule Speech Dataset
wav/OD_F01_111.m4a,"Siɛ’n klo Ba’n, ɔ maan ɔ fali like kwlaa wlɛli i sa nun.",Baoulé,Zenodo - Baule Speech Dataset
wav/OD_F01_386.m4a,"Kɛ ɔ́ sín’n, ɔ wunnin bian kun. Bian sɔ’n ti aɲinsifuɛ. Ɔ nin i sɔ’n fin i nin klun.",Baoulé,Zenodo - Baule Speech Dataset
wav/OD_F03_556.m4a,"Be ti Ɲanmiɛn liɛ klonglo,",Baoulé,Zenodo - Baule Speech Dataset
wav/OD_F03_489.m4a,Aklunjuɛ o be afiɛn’n. ?,Baoulé,Zenodo - Baule Speech Dataset
wav/OD_F01_722.m4a,Sa tɛ nga n yoli’n yɛle onin?,Baoulé,Zenodo - Baule Speech Dataset
wav/OD_F03_555.m4a,"‘Nian, ɔ wa’n i ɲin o su.’",Baoulé,Zenodo - Baule Speech Dataset
wav/OD_F01_498.m4a,Zezi nin-a wluman klɔ’n nun. Ɔ te wo kan Mati nin i yiali lɛ’n.,Baoulé,Zenodo - Baule Speech Dataset
wav/OD_F01_782.m4a,E tinndin e sa’n sin’n i lika.,Baoulé,Zenodo - Baule Speech Dataset
wav/OD_F01_453.m4a,"Min bua’m be tie min nɛn’n, n si be, kpɛkun be su min su.",Baoulé,Zenodo - Baule Speech Dataset
wav/OD_F03_565.m4a,Naan be wun kɛ e di nanwlɛ,Baoulé,Zenodo - Baule Speech Dataset
wav/OD_F01_652.m4a,“Be [like] silɛ’n ɔ́ úka su”,Baoulé,Zenodo - Baule Speech Dataset
wav/OD_F01_756.m4a,Ɲanmiɛn niannian e awlɛn’n nun,Baoulé,Zenodo - Baule Speech Dataset
wav/OD_M02_253.m4a,Ḿ bá icra’n.,Baoulé,Zenodo - Baule Speech Dataset
wav/OD_M02_243.m4a,in’so s’sou,Baoulé,Zenodo - Baule Speech Dataset
wav/OD_F01_668.m4a,"Ɔ ti e Ɲanmiɛn, ɔ o koko lɛ.",Baoulé,Zenodo - Baule Speech Dataset
wav/OD_F01_732.m4a,"Ɔ su se kɛ: ‘Wia, jran diin!’",Baoulé,Zenodo - Baule Speech Dataset
wav/OD_F03_564.m4a,Maan wɛtɛɛfuɛ’n wun i wlɛ.,Baoulé,Zenodo - Baule Speech Dataset
wav/OD_F01_827.m4a,Ɔ ti jasin bofuɛ’m be ukalɛ liɛ,Baoulé,Zenodo - Baule Speech Dataset
wav/OD_F01_792.m4a,"Maan an su Ɲanmiɛn aunjuɛ nun,",Baoulé,Zenodo - Baule Speech Dataset
wav/OD_F01_280.m4a,"I sɔ’n ti’n, i sɔnnzɔnfuɛ kpanngban be sali be sin ninnge nga be yacili be’n be wun. Be nin i b’a nantiman kun.",Baoulé,Zenodo - Baule Speech Dataset
wav/OD_F01_273.m4a,"Kɛ ɔ́ klé like Ɲanmiɛn sulɛ sua* kun nun Kapɛɛnaɔmun lɔ’n, yɛ ɔ kannin ndɛ sɔ mun-ɔn.",Baoulé,Zenodo - Baule Speech Dataset
wav/OD_M02_238.m4a,NDƐ TRE NSO,Baoulé,Zenodo - Baule Speech Dataset
wav/OD_F01_416.m4a,"E si kɛ Ɲanmiɛn siemɛn i su sa tɛ yofuɛ’m be nuan bo, sanngɛ sran kwlaa ng’ɔ sro i’n, m’ɔ yo i klun sa’n, ɔ sie i su sran sɔ’n i nuan bo.",Baoulé,Zenodo - Baule Speech Dataset
wav/OD_F01_749.m4a,Nin sa kpa’m be akunndan wie.,Baoulé,Zenodo - Baule Speech Dataset
wav/OD_F01_305.m4a,Sran’m be tɛli su kɛ: “Mmusu kun kle ɔ yalɛ. ?Wan yɛ ɔ kunndɛ kɛ ɔ́ kún wɔ-ɔ?”,Baoulé,Zenodo - Baule Speech Dataset
wav/OD_F01_671.m4a,E niaan bla Klistfuɛ kpa mun,Baoulé,Zenodo - Baule Speech Dataset
wav/OD_F01_812.m4a,? EYO SƐ naan y’a si Ɲanmiɛn? ?,Baoulé,Zenodo - Baule Speech Dataset
wav/OD_F01_482.m4a,Ɔ maan Zezi seli be weiin kɛ: “Lazaa w’a wu.,Baoulé,Zenodo - Baule Speech Dataset
wav/OD_F01_428.m4a,"Sanngɛ sran ng’ɔ sin anuan’n nun’n, sran sɔ’n yɛ ɔ ti bua’m be tafuɛ’n niɔn.",Baoulé,Zenodo - Baule Speech Dataset
wav/OD_M02_257.m4a,Amún yó i sɛ?,Baoulé,Zenodo - Baule Speech Dataset
wav/OD_M02_222.m4a,do unmiɛn,Baoulé,Zenodo - Baule Speech Dataset
wav/OD_M02_247.m4a,n'gatè troh,Baoulé,Zenodo - Baule Speech Dataset
wav/OD_F01_149.m4a,"I lɛ nun’n, ndɛ nga be kan’n ti su. Yɛle kɛ: Sran kun lua, kpɛkun sran uflɛ kpɛ.",Baoulé,Zenodo - Baule Speech Dataset
wav/OD_F01_790.m4a,Maan e siesie e afiɛn wɛtɛɛ su,Baoulé,Zenodo - Baule Speech Dataset
wav/OD_F01_284.m4a,Zezi tɛli be su kɛ: “N kpali amun sran blu-nin-nɲɔn (12) mun. ?Nɛ́n i-ɔ? Sanngɛ amun nun kun ti sran wun sacifuɛ.”*,Baoulé,Zenodo - Baule Speech Dataset
wav/OD_F01_452.m4a,"Sanngɛ amun lafiman su, afin amun timan min bua wie.",Baoulé,Zenodo - Baule Speech Dataset
wav/OD_F01_113.m4a,"E Min’n si kɛ Farizifuɛ’m be tili i kɛ sran nga be su kaci i* sɔnnzɔnfuɛ m’ɔ su yo be batɛmun’n, be sɔnnin tra Zan liɛ mun.",Baoulé,Zenodo - Baule Speech Dataset
wav/OD_F01_423.m4a,"Ɔ seli kɛ: “Min Min, n lafi i su.” Kpɛkun ɔ kotoli i bo.",Baoulé,Zenodo - Baule Speech Dataset
wav/OD_F01_770.m4a,Amun kwla yo Ɲanmiɛn i janvuɛ!,Baoulé,Zenodo - Baule Speech Dataset
wav/OD_F01_800.m4a,Sanngɛ i sɔ yolɛ’n timan pɔpɔ.,Baoulé,Zenodo - Baule Speech Dataset
wav/OD_F01_131.m4a,"Yɛ bla’n seli i kɛ: “Baba, n wun kɛ a ti Ɲanmiɛn nuan ijɔfuɛ.",Baoulé,Zenodo - Baule Speech Dataset
wav/OD_F01_744.m4a,Ɔ yo min kɛ n ka sua’n nun lɔ,Baoulé,Zenodo - Baule Speech Dataset
wav/OD_F03_495.m4a,"E kan ndɛ’n amanniɛn su,",Baoulé,Zenodo - Baule Speech Dataset
wav/OD_F01_413.m4a,"Kɛ ɔ kannin sɔ’n, be seli i ya su kɛ: “Wɔ yɛ a ti bian sɔ’n i sɔnnzɔnfuɛ-ɔ. E liɛ’n, e ti Moizi i sɔnnzɔnfuɛ.",Baoulé,Zenodo - Baule Speech Dataset
wav/OD_F01_371.m4a,"Sanngɛ kɛ mɔ min liɛ’n, n kan ndɛ nanwlɛ’n n kle amun’n ti’n, amun lafiman min su.",Baoulé,Zenodo - Baule Speech Dataset
wav/OD_F01_694.m4a,Ɔ mlinnin i afuɛ kɔe wie yɛ.,Baoulé,Zenodo - Baule Speech Dataset
wav/OD_F01_745.m4a,"Siɛ kpa Zoova, ń srɛ́ wɔ kpa.",Baoulé,Zenodo - Baule Speech Dataset
wav/OD_F01_141.m4a,“An bla be wa nian bian kun. Ɔ kannin like kwlaa nga n yoli’n kleli min. ?Nɛ́n i yɛ ɔ ti Klisi’n niɔn?”,Baoulé,Zenodo - Baule Speech Dataset
wav/OD_F01_360.m4a,"Zezi tɛli su kɛ: “Nanwlɛ, ń kán klé amun kpa kɛ sa tɛ yofuɛ kwlaa ti sa tɛ’n i kanga.",Baoulé,Zenodo - Baule Speech Dataset
wav/OD_F01_676.m4a,Ngue yɛ maan ɔ kwla yo ye ɔ?,Baoulé,Zenodo - Baule Speech Dataset
wav/OD_F01_673.m4a,Be ti andɛ bla nanndoliɛ kpa,Baoulé,Zenodo - Baule Speech Dataset
wav/OD_F01_834.m4a,Nzue’n yi ɔli i ɲrun lɔuun kpa.,Baoulé,Zenodo - Baule Speech Dataset
wav/OD_F01_848.m4a,? Wan yɛ n kunndɛ kɛ ń yíɛ i ɔ?,Baoulé,Zenodo - Baule Speech Dataset
wav/OD_M02_262.m4a,Famiɛn Manase,Baoulé,Zenodo - Baule Speech Dataset
wav/OD_F01_679.m4a,SRAN’M BE KWLAA BÉ ƝÁN ALIƐ:,Baoulé,Zenodo - Baule Speech Dataset
wav/OD_F01_746.m4a,B’a siesie aɲia wie’m be uflɛ,Baoulé,Zenodo - Baule Speech Dataset
wav/OD_F01_837.m4a,Ɔ seli i sufuɛ’m be kɛ be fite.,Baoulé,Zenodo - Baule Speech Dataset
wav/OD_F01_714.m4a,Bé kó dí junman kpanngban lɔ.,Baoulé,Zenodo - Baule Speech Dataset
wav/OD_M02_234.m4a,Ɲrɛnnɛn 10,Baoulé,Zenodo - Baule Speech Dataset
wav/OD_F01_463.m4a,"Sɛ nán min Si i junman yɛ n di’n, nán amun lafi min su.",Baoulé,Zenodo - Baule Speech Dataset
wav/OD_F01_768.m4a,Nán ngbɛn ti yɛ e nuan sɛ ɔ.,Baoulé,Zenodo - Baule Speech Dataset
wav/OD_F01_468.m4a,Ɔ maan sran kpanngban be lafili i su lika sɔ’n nun lɛ.,Baoulé,Zenodo - Baule Speech Dataset
wav/OD_F01_656.m4a,Ɲanmiɛn i ngwlɛlɛ’n su falɛ.,Baoulé,Zenodo - Baule Speech Dataset
wav/OD_F01_100.m4a,Kɛ ɔ́ yó sɔ’n nn be nin-a wlaman Zan i bisua.,Baoulé,Zenodo - Baule Speech Dataset
wav/OD_F01_831.m4a,Ɔ fata kɛ ɔ tu i klun klo i yi.,Baoulé,Zenodo - Baule Speech Dataset
wav/OD_M02_224.m4a,blôlô bian,Baoulé,Zenodo - Baule Speech Dataset
wav/OD_M02_223.m4a,sɔnnzɔnfuɛ,Baoulé,Zenodo - Baule Speech Dataset
wav/OD_F01_461.m4a,"Ɔ maan be nga Ɲanmiɛn ndɛ’n bu be fɔ’n, Ɲanmiɛn flɛli be kɛ “ɲanmiɛn.” Kusu’n, klɔ sran kwlá nunnunman Ɲanmiɛn ndɛ’n.",Baoulé,Zenodo - Baule Speech Dataset
wav/OD_F03_594.m4a,Y’a seman kɛ é yó sa tɛ o!”,Baoulé,Zenodo - Baule Speech Dataset
wav/OD_F01_385.m4a,"I sɔ’n ti’n, be isali yɔbuɛ kɛ bé fá fínfín i. Sanngɛ Zezi fiali, kpɛkun ɔ fin Ɲanmiɛn i sua’n nun fiteli.",Baoulé,Zenodo - Baule Speech Dataset
wav/OD_F01_422.m4a,Zezi seli i kɛ: “A wunnin i. Sran bɔbɔ nga ɔ nin wɔ be su ijɔ yɛ’n niɔn.”,Baoulé,Zenodo - Baule Speech Dataset
wav/OD_F03_583.m4a,ɔ si Ɲanmiɛn Ndɛ’n i kpa-ɔ?,Baoulé,Zenodo - Baule Speech Dataset
wav/OD_F01_398.m4a,Be fali bian mɔ laa ɔ ti aɲinsifuɛ’n be ɔli Farizifuɛ’m be sin.,Baoulé,Zenodo - Baule Speech Dataset
wav/OD_F01_335.m4a,"Nikodɛmun m’ɔ ko wunnin i wun cɛn kun’n, ɔ o be nun wie. Ɔ tɛli be su kɛ:",Baoulé,Zenodo - Baule Speech Dataset
wav/OD_F03_616.m4a,"Wá yó Zoova dunman bofuɛ’n,",Baoulé,Zenodo - Baule Speech Dataset
wav/OD_F01_292.m4a,"?Ngue ti yɛ mɛn’n nunfuɛ’m bé kó kpɔ́ amun yɛ? Min liɛ’n, be kpɔ min. Afin n se be kɛ like nga be yo’n ti tɛ.",Baoulé,Zenodo - Baule Speech Dataset
wav/OD_F01_819.m4a,Zoova i silɛ’n i su mmlusuɛ mun,Baoulé,Zenodo - Baule Speech Dataset
wav/OD_F01_849.m4a,• ? Ngue ti yɛ e o asiɛ’n su ɔ?,Baoulé,Zenodo - Baule Speech Dataset
wav/OD_F01_741.m4a,Anzi’n le wunmiɛn tra Zakɔbu.,Baoulé,Zenodo - Baule Speech Dataset
wav/OD_F01_759.m4a,Ndɛ nanwlɛ m’ɔ man aklunjuɛ’n.,Baoulé,Zenodo - Baule Speech Dataset
wav/OD_F01_753.m4a,"Ee Asasi, e srɛlɛ’n kɔ ɔ sin.",Baoulé,Zenodo - Baule Speech Dataset
wav/OD_F01_822.m4a,Kɛ ɔ yo niɛn kpanngban be sɔ ɔ.,Baoulé,Zenodo - Baule Speech Dataset
wav/OD_F03_585.m4a,"Yɛ Mali liɛ’n, ɔ wuli Zezi.",Baoulé,Zenodo - Baule Speech Dataset
wav/OD_F01_774.m4a,Nian ndɛ nga be klɛli i wa’n.”,Baoulé,Zenodo - Baule Speech Dataset
wav/OD_F03_607.m4a,"Mɔ aklunjuɛ o lika kwlaa’n,",Baoulé,Zenodo - Baule Speech Dataset
wav/OD_F01_764.m4a,Cɛn wie lele ɔ́ yó ye bɔɔ le.’,Baoulé,Zenodo - Baule Speech Dataset
wav/OD_F01_729.m4a,? Amun kunndɛ kɛ sa tɛ’n wie?,Baoulé,Zenodo - Baule Speech Dataset
wav/OD_F01_788.m4a,SRAN LIKE CƐLƐ’N TI KPA DAN,Baoulé,Zenodo - Baule Speech Dataset
wav/OD_F01_383.m4a,"Zuifu’m be seli i kɛ: “?A nin-a ɲanman afuɛ ablenun (50) bɔbɔ, kpɛkun a wunnin Abraamun?”",Baoulé,Zenodo - Baule Speech Dataset
wav/OD_F01_382.m4a,"Amun si Abraamun sunnzunnin kɛ ɔ́ wún min blɛ’n, yɛ i sɔ’n yoli i fɛ kpa. Ɔ wunnin i, kpɛkun i klun jɔli.”",Baoulé,Zenodo - Baule Speech Dataset
wav/OD_F03_586.m4a,? Wan sin yɛ be jrannin ɔn?,Baoulé,Zenodo - Baule Speech Dataset
wav/OD_F01_474.m4a,"Sanngɛ kɛ ɔ tili i kɛ Lazaa w’a tɔ tukpacɛ’n, ɔ kali kan ɔ o lɛ’n, ɔ dili cɛn ba nɲɔn.",Baoulé,Zenodo - Baule Speech Dataset
wav/OD_F01_101.m4a,Akplowa kun tɔli Zan i sɔnnzɔnfuɛ mun nin Zuifu kun be afiɛn sanwun yolɛ ndɛ’n su.,Baoulé,Zenodo - Baule Speech Dataset
wav/OD_F01_733.m4a,Ɔ si e ti ndrɛ’n bɔbɔ i nuan!,Baoulé,Zenodo - Baule Speech Dataset
wav/OD_F01_118.m4a,"Lika sɔ’n nun yɛ Zakɔbu i nzue gbo’n wo-ɔ. Kɛ mɔ Zezi w’a nanti lele w’a fɛ dan’n ti’n, ɔ trannin ase nzue gbo’n su lɛ. Kɛ ɔ́ yó sɔ’n, nn dɔ nsiɛn su’n* w’a ju.",Baoulé,Zenodo - Baule Speech Dataset
wav/OD_F01_828.m4a,E aklunjuɛ’n i bo’n sɔnnin kpa.,Baoulé,Zenodo - Baule Speech Dataset
wav/OD_F03_631.m4a,"Klistfuɛ’n, ɔ bu i yi sran.",Baoulé,Zenodo - Baule Speech Dataset
wav/OD_F01_332.m4a,Yɛ Farizifuɛ’m be seli be kɛ: “?W’a laka amun wie ti-ɔ?,Baoulé,Zenodo - Baule Speech Dataset
wav/OD_M02_231.m4a,Be wuaman.,Baoulé,Zenodo - Baule Speech Dataset
wav/OD_F01_268.m4a,"Sran kwlaa ng’ɔ di min wunnɛn’n, naan ɔ nɔn min mmoja’n, ɔ le nguan m’ɔ leman awieliɛ’n. Kpɛkun blɛ kasiɛn nun’n, ń cɛ́n sran sɔ’n.",Baoulé,Zenodo - Baule Speech Dataset
wav/OD_F01_795.m4a,"Awie’n w’a blo, w’a ju i kpɛlɛ",Baoulé,Zenodo - Baule Speech Dataset
wav/OD_F01_760.m4a,Maan amun nin be koko yalɛ.,Baoulé,Zenodo - Baule Speech Dataset
wav/OD_F01_686.m4a,Jɛtɛ 30 ti yɛ be yí i mán ɔn,Baoulé,Zenodo - Baule Speech Dataset
wav/OD_F01_807.m4a,? Sran kun bu min akunndan?,Baoulé,Zenodo - Baule Speech Dataset
wav/OD_F01_660.m4a,BE WLA M’Ɔ KPƐN BE LAA NUN’N,Baoulé,Zenodo - Baule Speech Dataset
wav/OD_F01_163.m4a,"Kɛ ɔ́ kɔ́’n, i junman difuɛ’m be wa kpɛli i atin. Be seli i kɛ i wa yasua’n w’a yo juejue.*",Baoulé,Zenodo - Baule Speech Dataset
wav/OD_F01_682.m4a,"Sa kpa nga sran yo’n ɔ wuin,",Baoulé,Zenodo - Baule Speech Dataset
wav/OD_F01_737.m4a,Bla’n ‘yoli Zezi i annvɔ.’,Baoulé,Zenodo - Baule Speech Dataset
wav/OD_F01_357.m4a,"Ɔ maan Zezi seli Zuifu nga be lafili i su’n be kɛ: “Sɛ amun fa min ndɛ’n su titi’n, nn amun ti min sɔnnzɔnfuɛ sakpa,",Baoulé,Zenodo - Baule Speech Dataset
wav/OD_F01_142.m4a,Be fɛli i klɔ’n su lɛ be ɔli i wun lɔ.,Baoulé,Zenodo - Baule Speech Dataset
wav/OD_F03_557.m4a,Sasafuɛ tranwlɛ’n Zanvie 1,Baoulé,Zenodo - Baule Speech Dataset
wav/OD_M02_205.m4a,Nnɛn mun.,Baoulé,Zenodo - Baule Speech Dataset
wav/OD_F01_299.m4a,"Kɛ cɛn dilɛ’n juli i afiɛn’n, Zezi ɔli Ɲanmiɛn i sua’n nun lɔ ko kleli like.",Baoulé,Zenodo - Baule Speech Dataset
wav/OD_F01_262.m4a,“N ti kpanwun m’ɔ man nguan’n.,Baoulé,Zenodo - Baule Speech Dataset
wav/OD_F01_443.m4a,I sɔ’n ti yɛ Siɛ’n klo min sa’n niɔn. Afin n fa min nguan’n n man naan m’an kwla ɲɛn i ekun.,Baoulé,Zenodo - Baule Speech Dataset
wav/OD_F01_353.m4a,B’a wunmɛn i wlɛ kɛ Siɛ’n i ndɛ yɛ ɔ su kan kle be-ɔ.,Baoulé,Zenodo - Baule Speech Dataset
wav/OD_M02_212.m4a,LƆFUƐ MUN,Baoulé,Zenodo - Baule Speech Dataset
wav/OD_F01_257.m4a,Zezi tɛli be su kɛ: “An yaci amun konviabo ijɔlɛ’n.,Baoulé,Zenodo - Baule Speech Dataset
wav/OD_M02_232.m4a,ajuindifuɛ,Baoulé,Zenodo - Baule Speech Dataset
wav/OD_F01_690.m4a,"Kɛ ɔ́ wú’n, nn ɔ le afuɛ 17.",Baoulé,Zenodo - Baule Speech Dataset
wav/OD_F03_611.m4a,Ɔ srɛli Ɲanmiɛn tankaan kɛ:,Baoulé,Zenodo - Baule Speech Dataset
wav/OD_F01_494.m4a,"Sran kwlaa ng’ɔ o nguan nun m’ɔ kle kɛ ɔ lafi min su’n, ɔ su wuman le. ?A lafi ndɛ sɔ’n su?”",Baoulé,Zenodo - Baule Speech Dataset
wav/OD_M02_219.m4a,ba nonman,Baoulé,Zenodo - Baule Speech Dataset
wav/OD_F01_685.m4a,“B’a mantanman min kun [...],Baoulé,Zenodo - Baule Speech Dataset
wav/OD_F01_318.m4a,"Zezi seli kɛ: “Ka naan m’an ɔ sran ng’ɔ sunmannin min’n i sin’n, e nin amun é trán kan.",Baoulé,Zenodo - Baule Speech Dataset
wav/OD_F01_109.m4a,"Sran kwlaa ng’ɔ sɔ i ndɛ’n nun’n, ɔ si weiin kɛ Ɲanmiɛn ti nanwlɛfuɛ.",Baoulé,Zenodo - Baule Speech Dataset
wav/OD_F01_287.m4a,"Blɛ sɔ’n nun’n, Zuifu’m be cɛn mɔ be di i kpata’m be bo’n, w’a mantan koko.",Baoulé,Zenodo - Baule Speech Dataset
wav/OD_F01_408.m4a,"I sɔ’n ti yɛ i si nin i nin be seli kɛ: “Nán bakan yɛle i, amun usɛ i’n niɔn.”",Baoulé,Zenodo - Baule Speech Dataset
wav/OD_F01_266.m4a,"Kɛ ɔ yoli sɔ’n, Zuifu’m be sili akplowa be afiɛn lɔ. Be seli kɛ: “?Wafa sɛ yɛ bian nga kwla fɛ i wunnɛn’n man e kɛ e di-ɔ?”",Baoulé,Zenodo - Baule Speech Dataset
wav/OD_F01_721.m4a,"Satan i blɛ’n w’a sɔnman kun,",Baoulé,Zenodo - Baule Speech Dataset
wav/OD_F01_325.m4a,"Kɛ sran nga be o lɛ’n, be nun wie’m be tili ndɛ ng’ɔ kannin’n, be seli kɛ: “Nanwlɛ, Ɲanmiɛn nuan ijɔfuɛ’n yɛ.”",Baoulé,Zenodo - Baule Speech Dataset
wav/OD_F01_334.m4a,"Sanngɛ sran nga be o yɛ’n, mɔ be siman Mmla’n, Ɲanmiɛn boli be sannzan.”",Baoulé,Zenodo - Baule Speech Dataset
wav/OD_F01_755.m4a,"Ndɛ sɔ m’ɔ fin Ɲanmiɛn i ti’n,",Baoulé,Zenodo - Baule Speech Dataset
wav/OD_F03_559.m4a,• ? Nin yɛ ń nɔ́n nzan ɔn?,Baoulé,Zenodo - Baule Speech Dataset
wav/OD_F01_431.m4a,"Be su suman aofuɛ su mlɔnmlɔn. Sanngɛ bé wánndi i, afin be siman aofuɛ’m be nɛn’n.”",Baoulé,Zenodo - Baule Speech Dataset
wav/OD_F03_553.m4a,A kleli kɛ a klo sa seiin.,Baoulé,Zenodo - Baule Speech Dataset
wav/OD_F03_580.m4a,"Zoova i Ndɛ’n ɔ man nguan,",Baoulé,Zenodo - Baule Speech Dataset
wav/OD_F01_723.m4a,? Sran’n i wafa benin yɛle i?,Baoulé,Zenodo - Baule Speech Dataset
wav/OD_F03_619.m4a,"Sɛ i cɛn’n ju’n maan ɔ bla,",Baoulé,Zenodo - Baule Speech Dataset
wav/OD_F01_145.m4a,Yɛ i sɔnnzɔnfuɛ’m be seli be wiengu kɛ: “Sran fi w’a blɛmɛn i like kɛ ɔ di. ?Nɛ́n i-ɔ?”,Baoulé,Zenodo - Baule Speech Dataset
wav/OD_F03_608.m4a,Sanngɛ anzi kun wa yoli tɛ.,Baoulé,Zenodo - Baule Speech Dataset
wav/OD_F01_655.m4a,Yɛ amun su manman be aliɛ? ?,Baoulé,Zenodo - Baule Speech Dataset
wav/OD_F03_630.m4a,"An yo sanwun be su Ɲanmiɛn,",Baoulé,Zenodo - Baule Speech Dataset
wav/OD_F01_391.m4a,"Kɛ ɔ kannin ndɛ sɔ mun’n, ɔ tili i nuan nzue tɛli i asiɛ wun. Kpɛkun ɔ fɛli i nuan nzue’n kpitali fa. I sin’n ɔ fali fa sɔ’n kpɛli bian’n i ɲin su.",Baoulé,Zenodo - Baule Speech Dataset
wav/OD_F01_719.m4a,E awlɛn wunmuan’n ti ɔ liɛ’n.,Baoulé,Zenodo - Baule Speech Dataset
wav/OD_F03_568.m4a,Mɔ maan be ɲannin be ti’n.,Baoulé,Zenodo - Baule Speech Dataset
wav/OD_F01_825.m4a,Wafa sɛ yɛ Zoova kwla uka wɔ-ɔ?,Baoulé,Zenodo - Baule Speech Dataset
wav/OD_F03_490.m4a,Amun wa fa nguan nzue’n.,Baoulé,Zenodo - Baule Speech Dataset
wav/OD_F01_160.m4a,"Sanngɛ Zezi seli i kɛ: “Sɛ amun a wunman nzɔliɛ wie mun nin abonuan sa mun’n, amun su lafiman n su mlɔnmlɔn.”",Baoulé,Zenodo - Baule Speech Dataset
wav/OD_M02_228.m4a,aata difue,Baoulé,Zenodo - Baule Speech Dataset
wav/OD_F01_762.m4a,"Awlo’m be nun’n, e bo jasin’n,",Baoulé,Zenodo - Baule Speech Dataset
wav/OD_F01_98.m4a,"I sin’n, Zezi nin i sɔnnzɔnfuɛ’m be ɔli Zide mɛn’n i nanmue’m be nun. Ɔ nin be trannin lɔ kan, kpɛkun ɔ yoli sran’m be batɛmun.",Baoulé,Zenodo - Baule Speech Dataset
wav/OD_F01_260.m4a,Nán kɛ sran wie wunnin Siɛ’n ti-ɔ. Saan sran ng’ɔ fin Ɲanmiɛn i wun lɔ’n yɛ ɔ wunnin Siɛ’n niɔn.,Baoulé,Zenodo - Baule Speech Dataset
wav/OD_F03_590.m4a,Wafa sɛ yɛ be kwla yo sɔ-ɔ?,Baoulé,Zenodo - Baule Speech Dataset
wav/OD_F01_678.m4a,"Ɲanmiɛn i dunman dan’n ti’n,",Baoulé,Zenodo - Baule Speech Dataset
wav/OD_F01_329.m4a,"Be nun wie’m be waan bé trɛ́ i, sanngɛ sran fi i sa w’a kɛnmɛn i.",Baoulé,Zenodo - Baule Speech Dataset
wav/OD_F01_476.m4a,"I sɔnnzɔnfuɛ’m be seli i kɛ: “Rabi,* Zidefuɛ’m be kunndɛli kɛ bé fínfín wɔ yɔbuɛ ɔ nin-a cɛman. ?Yɛ a su kɔ lɔ ekun?”",Baoulé,Zenodo - Baule Speech Dataset
wav/OD_F01_492.m4a,"Mati seli i kɛ: “N si kɛ blɛ kasiɛn’n nun’n, ɔ́ wá cɛ́n.”",Baoulé,Zenodo - Baule Speech Dataset
wav/OD_F03_562.m4a,Yalɛ dilɛ’n finman andɛ.,Baoulé,Zenodo - Baule Speech Dataset
wav/OD_F01_847.m4a,Sanngɛ Rɔbɔamu w’a kplinman su.,Baoulé,Zenodo - Baule Speech Dataset
wav/OD_F03_575.m4a,Amun e fa sa kun e nian.,Baoulé,Zenodo - Baule Speech Dataset
wav/OD_F01_469.m4a,Be flɛ bian kun kɛ Lazaa. Ɔ tɔli tukpacɛ. I klɔ’n yɛle Betanin. Klɔ kunngba’n su yɛ Mari nin i niaan bla Mati be fin-ɔn.,Baoulé,Zenodo - Baule Speech Dataset
wav/OD_F01_435.m4a,"Min yɛ n ti anuan’n niɔn. Sran kwlaa ng’ɔ sin min nun’n, ɔ́ ɲɛ́n i ti. Sran sɔ’n, ɔ́ wlú, ɔ́ fíte, kpɛkun ɔ́ ɲán didiwlɛ.",Baoulé,Zenodo - Baule Speech Dataset
wav/OD_F01_717.m4a,"Klo Ɲanmiɛn titi kɛ laa’n sa,",Baoulé,Zenodo - Baule Speech Dataset
wav/OD_F03_591.m4a,Ndɛ sɔ’n kle kɛ e kwla wua?,Baoulé,Zenodo - Baule Speech Dataset
wav/OD_F03_604.m4a,Mmla nga ɔ́ klé e mun’n yɛ:,Baoulé,Zenodo - Baule Speech Dataset
wav/OD_F03_573.m4a,Ngue ti yɛ e kwla se sɔ ɔ?,Baoulé,Zenodo - Baule Speech Dataset
wav/OD_F01_713.m4a,"Ɲanmiɛn nin e wiengu klolɛ’n,",Baoulé,Zenodo - Baule Speech Dataset
wav/OD_F01_309.m4a,"Nán amun jran like nga amun wun i’n su di jɔlɛ kun, sanngɛ an di jɔlɛ nanwlɛ su.”",Baoulé,Zenodo - Baule Speech Dataset
wav/OD_F03_589.m4a,E ɲrun lɔ sa ng’ɔ́ wá bá’n.,Baoulé,Zenodo - Baule Speech Dataset
wav/OD_F01_310.m4a,"Ɔ maan be nga be tran Zerizalɛmun lɛ’n, be nun wie’m be seli kɛ: “?Nán bian nga be kunndɛ kɛ bé kún i’n yɛ?",Baoulé,Zenodo - Baule Speech Dataset
wav/OD_F01_783.m4a,Yɛ ɔ́ mánmán Zoova i dunman’n.,Baoulé,Zenodo - Baule Speech Dataset
wav/OD_F01_128.m4a,Yɛ ɔ seli i kɛ: “Ko flɛ ɔ wun naan amun bla.”,Baoulé,Zenodo - Baule Speech Dataset
wav/OD_F03_621.m4a,"Sɛ a yo sɔ’n, ɔ ti kpa dan.",Baoulé,Zenodo - Baule Speech Dataset
wav/OD_F01_343.m4a,"Asa kusu’n, be klɛli i amun bɔbɔ amun Mmla’n nun’n kɛ: ‘Lalo nga sran nɲɔn be di’n ti nanwlɛ.’",Baoulé,Zenodo - Baule Speech Dataset
wav/OD_F01_728.m4a,"Ɔ maan, be kwlá bumɛn i like.",Baoulé,Zenodo - Baule Speech Dataset
wav/OD_F01_763.m4a,YALƐ dilɛ dan’n kwla kun sran.,Baoulé,Zenodo - Baule Speech Dataset
wav/OD_F03_584.m4a,"“Nian, ɔ wa’n i nyin o su.”",Baoulé,Zenodo - Baule Speech Dataset
wav/OD_F01_766.m4a,E kwla yo aklunyefue kɛ be sa.,Baoulé,Zenodo - Baule Speech Dataset
wav/OD_F01_743.m4a,? É kwlá láfi Ɲanmiɛn su kpa?,Baoulé,Zenodo - Baule Speech Dataset
wav/OD_F01_120.m4a,"(Kɛ ɔ́ yó sɔ’n, nn i sɔnnzɔnfuɛ’m b’a ɔ aliɛ tolɛ klɔ’n nun lɔ.)",Baoulé,Zenodo - Baule Speech Dataset
wav/OD_F01_130.m4a,"Afin a jali bian nnun, yɛ bian nga a nin i be o nun dɔ nga su’n, ɔ timan ɔ wun. I lɛ nun’n, a dili nanwlɛ.”",Baoulé,Zenodo - Baule Speech Dataset
wav/OD_F01_376.m4a,"N kunndɛman kɛ ń yí min bɔbɔ min wun ayɛ. Sran kun o lɛ’n, i yɛ ɔ kunndɛ kɛ be bo min dunman kpa-ɔ, kpɛkun i yɛ ɔ ti jɔlɛ difuɛ’n niɔn.",Baoulé,Zenodo - Baule Speech Dataset
wav/OD_F01_747.m4a,Bla nga be ɲin yili Ɲanmiɛn’n,Baoulé,Zenodo - Baule Speech Dataset
wav/OD_F03_561.m4a,Ɔ sin i ja nun man e aliɛ.,Baoulé,Zenodo - Baule Speech Dataset
wav/OD_F01_115.m4a,"Ɔ maan ɔ jasoli Zide mɛn’n nun, ɔ ɔli Galile mɛn’n nun lɔ ekun.",Baoulé,Zenodo - Baule Speech Dataset
wav/OD_F03_602.m4a,Cɛlɛ like m’ɔ leman wunsu’n,Baoulé,Zenodo - Baule Speech Dataset
wav/OD_F01_658.m4a,? É yó sɛ naan y’a ‘nyɛn i’?,Baoulé,Zenodo - Baule Speech Dataset
wav/OD_F01_116.m4a,Sanngɛ ɔ fata kɛ ɔ sin Samari mɛn’n nun lɛ.,Baoulé,Zenodo - Baule Speech Dataset
wav/OD_F01_258.m4a,"Sɛ Siɛ’n m’ɔ sunmannin min’n, w’a faman* sran kun w’a baman min sin’n, sran fi kwlá baman min sin. Yɛ blɛ kasiɛn’n nun’n ń cɛ́n sran sɔ’n.",Baoulé,Zenodo - Baule Speech Dataset
wav/OD_F01_681.m4a,Ɲanmiɛn fɛ i wawɛ’n man e.,Baoulé,Zenodo - Baule Speech Dataset
wav/OD_F01_288.m4a,"Ɔ maan i niaan’m be seli i kɛ: “Jaso wa naan kɔ Zide mɛn’n nun lɔ. I liɛ’n, ɔ sɔnnzɔnfuɛ’m be kusu bé wún junman nga a di’n.",Baoulé,Zenodo - Baule Speech Dataset
wav/OD_F03_614.m4a,“Ɔ́ fá be síe i wue’n nun.”,Baoulé,Zenodo - Baule Speech Dataset
wav/OD_F01_373.m4a,"Sran ng’ɔ ti Ɲanmiɛn liɛ’n, ɔ sie i su ndɛ nga Ɲanmiɛn kan’n i bo. Kɛ mɔ amun timan Ɲanmiɛn liɛ’n, i ti yɛ amun sieman amun su-ɔ.”",Baoulé,Zenodo - Baule Speech Dataset
wav/OD_F01_411.m4a,Ɔ maan be seli i kɛ: “?Ngue yɛ ɔ yoli wɔ-ɔ? ?Ɔ yoli ɔ sɛ yɛ ɔ ɲinma’n tikeli-ɔ?”,Baoulé,Zenodo - Baule Speech Dataset
wav/OD_F01_491.m4a,Zezi seli i kɛ: “Ɔ niaan bian wá cɛ́n.”,Baoulé,Zenodo - Baule Speech Dataset
wav/OD_F01_696.m4a,B’a yi sa tɛ yofuɛ’n i nglo!,Baoulé,Zenodo - Baule Speech Dataset
wav/OD_F01_663.m4a,Amun e fa sunnzun ase kun. ?,Baoulé,Zenodo - Baule Speech Dataset
wav/OD_F03_572.m4a,Afin “ɔ fa ya ndɛndɛ kpa.”,Baoulé,Zenodo - Baule Speech Dataset
wav/OD_F03_625.m4a,"? Wan yɛ ɔ́ kó fɔ́nvɔ be ɔ,",Baoulé,Zenodo - Baule Speech Dataset
wav/OD_F01_114.m4a,(Sanngɛ nn Zezi bɔbɔ w’a yoman sran’m be batɛmun. I sɔnnzɔnfuɛ mun yɛ be yoli sran’m be batɛmun-ɔn.),Baoulé,Zenodo - Baule Speech Dataset
wav/OD_F01_263.m4a,Amun nannan’m be dili manin’n aawlɛ flɛnnɛn’n nun lɔ. Ɔ nin i sɔ ngba’n be wuli.,Baoulé,Zenodo - Baule Speech Dataset
wav/OD_F01_314.m4a,"Min liɛ’n, n si i. I wun lɔ yɛ n fin-ɔn. N ti i janunfuɛ. Yɛ i bɔbɔ yɛ ɔ sunmannin min-ɔn.”",Baoulé,Zenodo - Baule Speech Dataset
wav/OD_F03_598.m4a,B’a yi famiɛn mɔcuɛ be nglo,Baoulé,Zenodo - Baule Speech Dataset
wav/OD_F01_809.m4a,Anunman cɛn’n m’ɔ sinnin’n sa.,Baoulé,Zenodo - Baule Speech Dataset
wav/OD_F01_119.m4a,Samari bla kun bali nzue salɛ. Zezi seli i kɛ: “Man min nzue maan n nɔn.”,Baoulé,Zenodo - Baule Speech Dataset
wav/OD_M02_250.m4a,Olivie oka’n,Baoulé,Zenodo - Baule Speech Dataset
wav/OD_F01_706.m4a,MAAN E NIAN ƝANMIƐN NDƐ’N NUN,Baoulé,Zenodo - Baule Speech Dataset
wav/OD_F01_712.m4a,Mɛn’n wá yó wɛtɛɛfuɛ’m be liɛ,Baoulé,Zenodo - Baule Speech Dataset
wav/OD_F01_384.m4a,"Zezi seli be kɛ: “Nanwlɛ, ń kán klé amun kpa kɛ ka naan b’a wu Abraamun’n, n wo lɛ.”",Baoulé,Zenodo - Baule Speech Dataset
wav/OD_F01_454.m4a,"N man be nguan m’ɔ leman awieliɛ’n. Ɔ maan be su nunnunman le, yɛ sran fi su deman be min sa nun le.",Baoulé,Zenodo - Baule Speech Dataset
wav/OD_F03_634.m4a,N DIMAN JUNMAN CƐN KWLAKWLA,Baoulé,Zenodo - Baule Speech Dataset
wav/OD_F03_571.m4a,Be cɛnnin gbanflɛn nɲɔn,Baoulé,Zenodo - Baule Speech Dataset
wav/OD_F01_125.m4a,"Yɛ Zezi tɛli i su kɛ: “Sran kwlaa ng’ɔ nɔn nzue nga’n, nzuewe kún i ekun.",Baoulé,Zenodo - Baule Speech Dataset
wav/OD_F01_688.m4a,? Ngue yɛ ń yó i mɛn nun ɔn?,Baoulé,Zenodo - Baule Speech Dataset
wav/OD_F01_833.m4a,Uka min maan n nanti weiin nun.,Baoulé,Zenodo - Baule Speech Dataset
wav/OD_F03_576.m4a,MAAN e fa sunnzun ase kun.,Baoulé,Zenodo - Baule Speech Dataset
wav/OD_F03_486.m4a,"E klo Zoova, E di nanwlɛ",Baoulé,Zenodo - Baule Speech Dataset
wav/OD_F03_578.m4a,Maan e yo sɔ cɛn kwlakwla.,Baoulé,Zenodo - Baule Speech Dataset
wav/OD_F01_816.m4a,Maan e yo sɛ’n i nuan su sɛsɛsɛ,Baoulé,Zenodo - Baule Speech Dataset
wav/OD_F01_820.m4a,? Nin yɛ amun kwla ɲan ukalɛ ɔ?,Baoulé,Zenodo - Baule Speech Dataset
wav/OD_F01_136.m4a,"Ɲanmiɛn ti wawɛ. Ɔ maan be nga be su i’n, ɔ fata kɛ be su i kɛ nga Ɲanmiɛn wawɛ’n kle be’n sa, yɛ be su i nanwlɛ nun.”",Baoulé,Zenodo - Baule Speech Dataset
wav/OD_M02_218.m4a,ra ... su,Baoulé,Zenodo - Baule Speech Dataset
wav/OD_F01_276.m4a,?Yɛ sɛ amun wun Sran wa’n kɛ ɔ su fu kɔ lika nga ɔ o lɔ laa’n nin?,Baoulé,Zenodo - Baule Speech Dataset
wav/OD_F03_610.m4a,Be ti Ɲanmiɛn i nvle nunfuɛ,Baoulé,Zenodo - Baule Speech Dataset
wav/OD_M02_254.m4a,Be man sika.,Baoulé,Zenodo - Baule Speech Dataset
wav/OD_F01_709.m4a,"Ɲanmiɛn nian e awlɛn’n bo lɔ,",Baoulé,Zenodo - Baule Speech Dataset
wav/OD_F01_140.m4a,"Kɛ ɔ yoli sɔ’n, bla’n yacili i nzue sɛ’n i lɛ, ɔ ɔli klɔ’n nun lɔ ko seli sran’m be kɛ:",Baoulé,Zenodo - Baule Speech Dataset
wav/OD_F01_439.m4a,"Like nga ti yɛ sran sɔ’n wanndi’n, yɛle kɛ i sika yɛ ɔ kunndɛ-ɔ. Bua’m be ndɛ lomɛn i.",Baoulé,Zenodo - Baule Speech Dataset
wav/OD_F01_666.m4a,Mɔ nguan bɔbɔ’n finman be’n.,Baoulé,Zenodo - Baule Speech Dataset
wav/OD_F01_758.m4a,E like kunndɛlɛ fluwa uflɛ kun,Baoulé,Zenodo - Baule Speech Dataset
wav/OD_F01_653.m4a,Maan e kan sran sɔ’m be ndɛ.,Baoulé,Zenodo - Baule Speech Dataset
wav/OD_F01_810.m4a,"Be ijɔman sanngɛ be manman wɔ,",Baoulé,Zenodo - Baule Speech Dataset
wav/OD_F01_497.m4a,"Kɛ ɔ tili i sɔ’n, ɔ jasoli waka, ɔ ɔli i wun lɔ.",Baoulé,Zenodo - Baule Speech Dataset
wav/OD_F01_496.m4a,"Kɛ ɔ seli sɔ’n, ɔ ɔli ko flɛli i niaan bla Mari. Ɔ seli i blɛlɛlɛ kɛ: “Like klefuɛ’n w’a ba. I waan a bla.”",Baoulé,Zenodo - Baule Speech Dataset
wav/OD_F03_574.m4a,Yalɛ’n i wielɛ’n i su mmla,Baoulé,Zenodo - Baule Speech Dataset
wav/OD_F01_829.m4a,Afin i sɔ ndɛ’m be bo sran wla.,Baoulé,Zenodo - Baule Speech Dataset
wav/OD_F01_689.m4a,TALUA klanman nga suan Mali.,Baoulé,Zenodo - Baule Speech Dataset
wav/OD_F01_153.m4a,"I agualiɛ su’n, ndɛ ng’ɔ kannin’n ti’n, sran kpanngban kpa ekun be lafili i su.",Baoulé,Zenodo - Baule Speech Dataset
wav/OD_F01_488.m4a,"Kɛ Mati tili i kɛ Zezi su ba’n, ɔ ɔli i atin kpalɛ. Sanngɛ Mari kali awlo lɔ.",Baoulé,Zenodo - Baule Speech Dataset
wav/OD_F01_724.m4a,Aja nun sa’m be bo’n fin nin?,Baoulé,Zenodo - Baule Speech Dataset
wav/OD_F01_301.m4a,"Zezi kusu tɛli be su kɛ: “Like nga n kle’n, ɔ finman min, ɔ fin sran ng’ɔ sunmannin min’n.",Baoulé,Zenodo - Baule Speech Dataset
wav/OD_F01_718.m4a,Lika kun mɔ ɔ dunman’n o su’n,Baoulé,Zenodo - Baule Speech Dataset
wav/OD_F01_804.m4a,“A ti bla klanman yɛ a o lɛ-ɔ”,Baoulé,Zenodo - Baule Speech Dataset
wav/OD_F01_323.m4a,"Sran ng’ɔ lafi min su’n, ‘nzue ba mɔ be man nguan’n, bé fín i nun bé sónji,’ kɛ nga Ɲanmiɛn ndɛ’n fa kannin’n sa.”",Baoulé,Zenodo - Baule Speech Dataset
wav/OD_F01_684.m4a,Be ti Ɲanmiɛn Kpli i kpɔfuɛ.,Baoulé,Zenodo - Baule Speech Dataset
wav/OD_F03_560.m4a,“Á kán ɔ wun ase nían min”,Baoulé,Zenodo - Baule Speech Dataset
wav/OD_M02_200.m4a,Amou bla,Baoulé,Zenodo - Baule Speech Dataset
wav/OD_F01_779.m4a,Aunmuan’n truli akɔ ndrɛ’n nun,Baoulé,Zenodo - Baule Speech Dataset
wav/OD_F01_823.m4a,(b) ? Wafa sɛ yɛ Zoova uka e ɔ?,Baoulé,Zenodo - Baule Speech Dataset
wav/OD_F03_487.m4a,I mma’m be wun kpaja be.,Baoulé,Zenodo - Baule Speech Dataset
wav/OD_F01_672.m4a,“Be kannin ndɛ lika’n kwlaa”,Baoulé,Zenodo - Baule Speech Dataset
wav/OD_F01_302.m4a,"Sɛ like nga n kle’n, ɔ fin Ɲanmiɛn annzɛ ndɛ nga n kan’n ɔ fin min bɔbɔ’n, sran ng’ɔ kunndɛ kɛ ɔ́ yó Ɲanmiɛn klun sa’n, ɔ́ wún i wlɛ.",Baoulé,Zenodo - Baule Speech Dataset
wav/OD_F01_449.m4a,"Zezi su wlanwlan Ɲanmiɛn i sua’n nun lɔ, lika nga Salomɔn i kpata’n wo lɛ’n.",Baoulé,Zenodo - Baule Speech Dataset
wav/OD_F01_473.m4a,"Zezi klo Mati nin i niaan bla, ɔ nin Lazaa be sa.",Baoulé,Zenodo - Baule Speech Dataset
wav/OD_F01_311.m4a,"Sanngɛ an nian! I yɛ ɔ su kle like yɛ, kpɛkun be yomɛn i like fi. ?Annzɛ kpɛnngbɛn’m b’a wun i wlɛ kɛ i yɛ ɔ ti Klisi’n ti-ɔ?",Baoulé,Zenodo - Baule Speech Dataset
wav/OD_F03_632.m4a,Aunmuan’n fitali kekle kpa.,Baoulé,Zenodo - Baule Speech Dataset
wav/OD_F01_801.m4a,? Ngue yɛle Ɲanmiɛn Sielɛ’n?,Baoulé,Zenodo - Baule Speech Dataset
wav/OD_F01_405.m4a,I si nin i nin be tɛli su kɛ: “E si kɛ e wa’n niɔn. E wuli i aɲinsifuɛ.,Baoulé,Zenodo - Baule Speech Dataset
wav/OD_F01_315.m4a,"I sɔ’n ti’n, be kunndɛli kɛ bé trɛ́ i. Sanngɛ sran fi i sa w’a kɛnmɛn i, afin i dɔ’n nin-a juman ka.",Baoulé,Zenodo - Baule Speech Dataset
wav/OD_F01_726.m4a,"Kɛ n wo yɛ’n, N guguli kpa kɛ",Baoulé,Zenodo - Baule Speech Dataset
wav/OD_F01_275.m4a,"Zezi si kɛ ndɛ sɔ’n ti’n, i sɔnnzɔnfuɛ’m be su ijɔ be konviabo. Ɔ maan ɔ seli be kɛ: “?Ndɛ sɔ’n lo amun ngasi?*",Baoulé,Zenodo - Baule Speech Dataset
wav/OD_F03_606.m4a,"I liɛ’n, ɔ kpɛmɛn i wun le,",Baoulé,Zenodo - Baule Speech Dataset
wav/OD_F03_577.m4a,Biblu’n nun like suanlɛ,Baoulé,Zenodo - Baule Speech Dataset
wav/OD_F03_554.m4a,Ngue yɛle Ɲanmiɛn Sielɛ’n?,Baoulé,Zenodo - Baule Speech Dataset
wav/OD_F01_397.m4a,"Kɛ ɔ seli sɔ’n, be seli i kɛ: “?Bian sɔ’n wo nin?” Ɔ tɛli su kɛ: “N siman lika ng’ɔ ɔli’n.”",Baoulé,Zenodo - Baule Speech Dataset
wav/OD_F03_624.m4a,“AN YI I AYƐ. AN LƐ I ASE!”,Baoulé,Zenodo - Baule Speech Dataset
wav/OD_F01_704.m4a,Ɲanmiɛn toli amun gua kpan.’,Baoulé,Zenodo - Baule Speech Dataset
wav/OD_F03_600.m4a,Ɔ ti Klistfuɛ i sran klolɛ.,Baoulé,Zenodo - Baule Speech Dataset
wav/OD_F01_486.m4a,Betanin o Zerizalɛmun i wun koko lɛ. Be afiɛn’n ti nun kilo kɔe nsan.*,Baoulé,Zenodo - Baule Speech Dataset
wav/OD_F01_707.m4a,Be waan: ‘Jɛtɛ ufue ablasan.’,Baoulé,Zenodo - Baule Speech Dataset
wav/OD_F01_110.m4a,"Afin sran nga Ɲanmiɛn sunmɛnnin i’n, ɔ kan Ɲanmiɛn i nuan ndɛ mun. Afin kɛ Ɲanmiɛn fɛ́ i wawɛ’n mán sran’n, ɔ niɛnmɛn i sin.",Baoulé,Zenodo - Baule Speech Dataset
wav/OD_F01_156.m4a,Zezi kɛnnin i laa kɛ Ɲanmiɛn nuan ijɔfuɛ leman ɲrun i bɔbɔ i klɔ’n su.,Baoulé,Zenodo - Baule Speech Dataset
wav/OD_F01_802.m4a,Elifazi yɛ ɔ dun mmua ijɔli ɔ.,Baoulé,Zenodo - Baule Speech Dataset
wav/OD_F01_670.m4a,Sran’m be kwlaa bé ɲán aliɛ.,Baoulé,Zenodo - Baule Speech Dataset
wav/OD_F01_432.m4a,Zezi fali sunnzun ase yɛ ɔ kannin ndɛ sɔ’n kleli be-ɔ. Sanngɛ b’a wunman ndɛ ng’ɔ su kan kle be’n i wlɛ.,Baoulé,Zenodo - Baule Speech Dataset
wav/OD_F01_667.m4a,Sɛ e ɲin tran akatua’n su’n.,Baoulé,Zenodo - Baule Speech Dataset
wav/OD_F01_665.m4a,Sasafuɛ Tranwlɛ’n Desamblu 1,Baoulé,Zenodo - Baule Speech Dataset
wav/OD_M02_230.m4a,ngue ti ye,Baoulé,Zenodo - Baule Speech Dataset
wav/OD_F01_478.m4a,"Sanngɛ sɛ kɔnguɛ yɛ sran kun nanti’n i ja kpla, afin kannin’n nunmɛn i nun.”",Baoulé,Zenodo - Baule Speech Dataset
wav/OD_F03_493.m4a,E uka trɔ nɔnninfuɛ mun.,Baoulé,Zenodo - Baule Speech Dataset
wav/OD_F01_285.m4a,"Simɔn Iskariɔti i wa Zida i ndɛ yɛ ɔ su kan-ɔn. Afin kannzɛ ɔ ti akoto blu-nin-nɲɔn (12) mun be nun kun’n, ɔ́ wá fɛ́ i mán sran mun.",Baoulé,Zenodo - Baule Speech Dataset
wav/OD_F01_85.m4a,Nikodɛmun tɛli i su kɛ: “?Wafa sɛ yɛ i sɔ sa liɛ’m be kwla yo ye-ɔ?”,Baoulé,Zenodo - Baule Speech Dataset
wav/OD_F03_582.m4a,“Klo ɔ Min Nyanmiɛn’n kpa”,Baoulé,Zenodo - Baule Speech Dataset
wav/OD_F01_844.m4a,Amun lika wie fi yoman amun ya.,Baoulé,Zenodo - Baule Speech Dataset
wav/OD_F03_551.m4a,Waka sɔ’n ti i bɔbɔ i liɛ.,Baoulé,Zenodo - Baule Speech Dataset
wav/OD_F01_662.m4a,? Amun si ɲrɛnnɛn sa sɔ mun?,Baoulé,Zenodo - Baule Speech Dataset
wav/OD_F03_488.m4a,"N nanti, srɛ kunman min.",Baoulé,Zenodo - Baule Speech Dataset
wav/OD_F01_710.m4a,E klo kɛ wɔ y’a kle e like ɔ.,Baoulé,Zenodo - Baule Speech Dataset
wav/OD_F01_715.m4a,Kpɔkun i ɲin ɔli sran kun su.,Baoulé,Zenodo - Baule Speech Dataset
wav/OD_F01_261.m4a,"Nanwlɛ, ń kán klé amun kpa kɛ sran kwlaa ng’ɔ lafi min su’n, ɔ le nguan m’ɔ leman awieliɛ’n.",Baoulé,Zenodo - Baule Speech Dataset
wav/OD_F01_466.m4a,"Ɔ kpɛli Zurdɛn’n, ɔ ɔli lika nga Zan yo sran’m be batɛmun lɔ laa’n. Kpɛkun ɔ kali lɔ.",Baoulé,Zenodo - Baule Speech Dataset
wav/OD_F01_295.m4a,"Sanngɛ kɛ i niaan’m be ɔli cɛn’n i dilɛ’n, i kusu wa ɔli wie nvialiɛ nun.",Baoulé,Zenodo - Baule Speech Dataset
wav/OD_M02_233.m4a,Aliɛ’n bú.,Baoulé,Zenodo - Baule Speech Dataset
wav/OD_F01_683.m4a,Sanngɛ Kaɛn w’a kplinman su.,Baoulé,Zenodo - Baule Speech Dataset
wav/OD_F01_650.m4a,Yo maan min akunndan’n kwlaa,Baoulé,Zenodo - Baule Speech Dataset
wav/OD_F01_794.m4a,“I bɔbɔ kplinnin su kɛ ɔ́ wú.”,Baoulé,Zenodo - Baule Speech Dataset
wav/OD_F01_752.m4a,Sran kpa mun bé wá dí ye dan.,Baoulé,Zenodo - Baule Speech Dataset
wav/OD_F03_494.m4a,Sa mɔ i bo’n gúa kpa’n,Baoulé,Zenodo - Baule Speech Dataset
wav/OD_F01_479.m4a,"Kɛ ɔ kannin sɔ wieli’n, ɔ seli ekun kɛ: “E janvuɛ Lazaa su lafi. Sanngɛ n su ko tinnge i.”",Baoulé,Zenodo - Baule Speech Dataset
wav/OD_F01_480.m4a,"Yɛ i sɔnnzɔnfuɛ’m be seli i kɛ: “E Min, sɛ ɔ su lafi’n, ɔ́ yó juejue.”",Baoulé,Zenodo - Baule Speech Dataset
wav/OD_F01_813.m4a,"Naan y’a suan klun ufue yolɛ’n,",Baoulé,Zenodo - Baule Speech Dataset
wav/OD_F01_264.m4a,"Kpanwun m’ɔ fin ɲanmiɛn su’n yɛ. Sran kwlaa ng’ɔ di wie’n, ɔ su wuman.",Baoulé,Zenodo - Baule Speech Dataset
wav/OD_F01_289.m4a,"Afin sran ng’ɔ kunndɛ kɛ be si i’n, ɔ yoman like fi nvialiɛ nun. Kɛ mɔ a yo ninnge sɔ mun’n ti’n, yi ɔ wun nglo kle sran’m be kwlaa.”*",Baoulé,Zenodo - Baule Speech Dataset
wav/OD_F01_754.m4a,I waan: “Nán an koko se kɛ: ‘?,Baoulé,Zenodo - Baule Speech Dataset
wav/OD_F03_623.m4a,"An nɔn, dein su fite’a nun.",Baoulé,Zenodo - Baule Speech Dataset
wav/OD_F01_437.m4a,"Min yɛ n ti bua tafuɛ kpafuɛ’n niɔn. Bua’m be ti’n, bua tafuɛ kpafuɛ’n fɛ i nguan’n man.",Baoulé,Zenodo - Baule Speech Dataset
wav/OD_F01_341.m4a,"Amun bu sran fɔ kɛ klɔ sran’m be fa yo’n sa. Min liɛ’n, n buman sran fi fɔ mlɔnmlɔn.",Baoulé,Zenodo - Baule Speech Dataset
wav/OD_F01_387.m4a,"I sɔnnzɔnfuɛ’m be usɛli i kɛ: “?Rabi,* wan yɛ ɔ yoli sa tɛ mɔ i ti yɛ kɛ bé wú bian nga’n i ɲin ti siwa-ɔ? ?I bɔbɔ annzɛ i si nin i nin-ɔn?”",Baoulé,Zenodo - Baule Speech Dataset
wav/OD_F01_106.m4a,"Ɔ fata kɛ sran sɔ’n i junman’n ɔ wɔ i ɲrun titi, sanngɛ min liɛ’n ɔ fata kɛ min junman’n kan ase.”",Baoulé,Zenodo - Baule Speech Dataset
wav/OD_F01_680.m4a,"Eee, n ti nyrɛnnɛnfuɛ dan! ?",Baoulé,Zenodo - Baule Speech Dataset
wav/OD_F01_838.m4a,"Afin, be si kɛ aja’n fin Zoova.",Baoulé,Zenodo - Baule Speech Dataset
wav/OD_F01_826.m4a,"Aliɛ ngunmin manman sran nguan,",Baoulé,Zenodo - Baule Speech Dataset
wav/OD_F01_481.m4a,"Zezi liɛ’n, i wie’n i ndɛ yɛ ɔ su kan-ɔn. Sanngɛ be buli i kɛ ɔ su kan lafilɛ kpakpa ndɛ.",Baoulé,Zenodo - Baule Speech Dataset
wav/OD_F01_281.m4a,"Zezi seli i akoto blu-nin-nɲɔn (12) mun be kɛ: “Amun liɛ’n, amun kunndɛman kɛ amún kɔ́ wie. ?Nɛ́n i-ɔ?”",Baoulé,Zenodo - Baule Speech Dataset
wav/OD_F01_793.m4a,"Zoova yoli i taataa, ɔ juli i.",Baoulé,Zenodo - Baule Speech Dataset
wav/OD_F01_440.m4a,"Min yɛ n ti bua tafuɛ kpafuɛ’n niɔn. N si min bua mun, yɛ min bua’m be kusu be si min,",Baoulé,Zenodo - Baule Speech Dataset
wav/OD_F03_558.m4a,"E nian Zoova klun ufue su,",Baoulé,Zenodo - Baule Speech Dataset
wav/OD_F01_274.m4a,"Kɛ i sɔnnzɔnfuɛ’m be nun kpanngban be tili ndɛ sɔ’n, be seli kɛ: “Ndɛ nga timan kpa mlɔnmlɔn. ?Wan yɛ ɔ kwla tie-ɔ?”",Baoulé,Zenodo - Baule Speech Dataset
wav/OD_F01_818.m4a,Abraamu kleli kɛ ɔ klo Ɲanmiɛn.,Baoulé,Zenodo - Baule Speech Dataset
wav/OD_F01_490.m4a,"Sanngɛ n si kɛ like kwlaa nga a srɛ Ɲanmiɛn’n, Ɲanmiɛn mán wɔ.”",Baoulé,Zenodo - Baule Speech Dataset
wav/OD_F01_471.m4a,"Ɔ maan Lazaa i niaan bla’m be sunmannin sran kɛ ɔ ko se Zezi kɛ: “E Min, nian! sran mɔ a klo i sa’n, w’a tɔ tukpacɛ.”",Baoulé,Zenodo - Baule Speech Dataset
wav/OD_F01_808.m4a,Sanngɛ ngue yɛ e kwla srɛ i ɔ?,Baoulé,Zenodo - Baule Speech Dataset
wav/OD_F01_331.m4a,Gladi difuɛ’m be tɛli su kɛ: “Sran fi nin-a ijɔman kɛ ngalɛ’n sa le.”,Baoulé,Zenodo - Baule Speech Dataset
wav/OD_F03_566.m4a,Yɛ ɔ bumɛn i wun akunndan.,Baoulé,Zenodo - Baule Speech Dataset
wav/OD_M02_249.m4a,"N,koussouman",Baoulé,Zenodo - Baule Speech Dataset
wav/OD_M02_225.m4a,mlan tchin,Baoulé,Zenodo - Baule Speech Dataset
wav/OD_F01_168.m4a,"Zerizalɛmun klɔ’n i anuan nga be flɛ i Bua anuan’n i wun lɛ’n, nzue gble kun o lɛ. Be flɛ i Ebre nun kɛ Bɛtzata. Akpa nnun be bo sin yiɛ i.",Baoulé,Zenodo - Baule Speech Dataset
wav/OD_F03_498.m4a,Zɔbu nantili seiin titi.,Baoulé,Zenodo - Baule Speech Dataset
wav/OD_F01_430.m4a,"Kɛ ɔ fa be kwlaa fite’n, ɔ dun mmua be ɲrun, kpɛkun bua’m be su i su, afin be si i nɛn’n.",Baoulé,Zenodo - Baule Speech Dataset
wav/OD_F01_117.m4a,Ɔ juli Samari klɔ nga be flɛ i Sikaa’n su. Klɔ sɔ’n mantan fie nga Zakɔbu fa mɛnnin i wa Zozɛfu’n.,Baoulé,Zenodo - Baule Speech Dataset
wav/OD_F01_166.m4a,"Kɛ Zezi jasoli Zide mɛn’n nun lɔ ɔli Galile mɛn’n nun’n, abonuan sa ng’ɔ yoli be’n, i nɲɔn su’n yɛ ɔ lɛ-ɔ.",Baoulé,Zenodo - Baule Speech Dataset
wav/OD_F01_269.m4a,"Afin min wunnɛn’n ti aliɛ kpa, yɛ min mmoja’n ti nzan kpa.",Baoulé,Zenodo - Baule Speech Dataset
wav/OD_F01_705.m4a,“Amu’an si Nyanmiɛn’n.” —GAL.,Baoulé,Zenodo - Baule Speech Dataset
wav/OD_F01_739.m4a,Maan “e tu e klun yo sran ye”,Baoulé,Zenodo - Baule Speech Dataset
wav/OD_F03_570.m4a,Ń bó i dunman’n cɛn kwlaa.,Baoulé,Zenodo - Baule Speech Dataset
wav/OD_M02_220.m4a,blôlô bla,Baoulé,Zenodo - Baule Speech Dataset
wav/OD_F01_842.m4a,• ? N nɔn nzan dan n tra laa’n?,Baoulé,Zenodo - Baule Speech Dataset
wav/OD_F01_846.m4a,Zoova kunndɛ kɛ ɔ liɛ yo ye.,Baoulé,Zenodo - Baule Speech Dataset
wav/OD_F01_489.m4a,"Mati seli Zezi kɛ: “Min Min, sɛ ɔ ti kɛ a o wa’n, nn min niaan bian’n w’a wuman.",Baoulé,Zenodo - Baule Speech Dataset
wav/OD_F03_496.m4a,Lɔ yɛ be wuli ba’n niɔn.,Baoulé,Zenodo - Baule Speech Dataset
wav/OD_F01_839.m4a,"Ɔ maan, awlɛn tralɛ’n ti kekle.",Baoulé,Zenodo - Baule Speech Dataset
wav/OD_F03_628.m4a,Ɲanmiɛn si wɛtɛɛfuɛ aunnvuɛ,Baoulé,Zenodo - Baule Speech Dataset
wav/OD_F01_339.m4a,Farizifuɛ’m be seli i kɛ: “A di ɔ bɔbɔ ti lalo. Ɔ maan ɔ ndɛ’n timan nanwlɛ.”,Baoulé,Zenodo - Baule Speech Dataset
wav/OD_F01_83.m4a,"Kɛ n seli kɛ ɔ fata kɛ be wu amun ekun’n, nán maan ɔ bo wɔ nuan.",Baoulé,Zenodo - Baule Speech Dataset
wav/OD_F01_785.m4a,"E klo sa kpa’n, E kpɔ sa tɛ’n.",Baoulé,Zenodo - Baule Speech Dataset
wav/OD_F01_664.m4a,Wafa sɛ yɛ Zezi yoli sɔ ɔ? ?,Baoulé,Zenodo - Baule Speech Dataset
wav/OD_F01_814.m4a,"Ɔ́ cɛ́ kɔ́’n, yɛ be si sran ɔn.",Baoulé,Zenodo - Baule Speech Dataset
wav/OD_F03_601.m4a,An bla Zoova i oka’n su,Baoulé,Zenodo - Baule Speech Dataset
